epoch,step,train_acc,train_loss
0,1099,0.38333332538604736,12.785006523132324
0,1099,,1.628946304321289
1,2199,0.4779166579246521,13.814556121826172
1,2199,,1.3061704635620117
